Repository's Location,Branch,File Formats,Ignore Glob List,Ignore standalone config,Ignore Commits List,Ignore Authors List,Shallow Cloning,Find Previous Authors
https://github.com/clarence-chew/ip.git,master,,tutorials/**,,,,,
https://github.com/Yongbeom-Kim/ip.git,master,,tutorials/**,,,,,
https://github.com/lfrostbytee/ip.git,master,,tutorials/**,,,,,
https://github.com/Frrramses/ip.git,master,,tutorials/**,,,,,
https://github.com/SweetPotato0213/ip.git,master,,tutorials/**,,,,,
https://github.com/YH-15/ip.git,master,,tutorials/**,,,,,
https://github.com/LolfoollorS/ip.git,master,,tutorials/**,,,,,
https://github.com/kynapy/ip.git,master,,tutorials/**,,,,,
https://github.com/lkwlkww/ip.git,master,,tutorials/**,,,,,
https://github.com/jhchee18/ip.git,master,,tutorials/**,,,,,
https://github.com/eesung00/ip.git,master,,tutorials/**,,,,,
https://github.com/LikHern/ip.git,master,,tutorials/**,,,,,
https://github.com/Vinodjayakumar124/ip.git,master,,tutorials/**,,,,,
https://github.com/Qiaoran-M/ip.git,master,,tutorials/**,,,,,
https://github.com/ryanlml/ip.git,master,,tutorials/**,,,,,
https://github.com/PokezardVGC/ip.git,master,,tutorials/**,,,,,
https://github.com/eugenelmj/ip.git,master,,tutorials/**,,,,,
https://github.com/deepimpactmir/ip.git,master,,tutorials/**,,,,,
https://github.com/mqchua/ip.git,master,,tutorials/**,,,,,
https://github.com/TYKCodes/ip.git,master,,tutorials/**,,,,,
https://github.com/RussellDash332/ip.git,master,,tutorials/**,,,,,
https://github.com/JasonCP14/ip.git,master,,tutorials/**,,,,,
https://github.com/cliftonfelix/ip.git,master,,tutorials/**,,,,,
https://github.com/maryjess/ip.git,master,,tutorials/**,,,,,
https://github.com/NUSDG/ip.git,master,,tutorials/**,,,,,
https://github.com/castryl/ip.git,master,,tutorials/**,,,,,
https://github.com/Edfernape/ip.git,master,,tutorials/**,,,,,
https://github.com/xhphoong/ip.git,master,,tutorials/**,,,,,
https://github.com/JordanChua/ip.git,master,,tutorials/**,,,,,
https://github.com/lulucopter/ip.git,master,,tutorials/**,,,,,
https://github.com/nmtuan2001/ip.git,master,,tutorials/**,,,,,
https://github.com/yeehaoo/ip.git,master,,tutorials/**,,,,,
https://github.com/huzaifa1712/ip.git,master,,tutorials/**,,,,,
https://github.com/KeithPJX/ip.git,master,,tutorials/**,,,,,
https://github.com/SeekSaveServe/ip.git,master,,tutorials/**,,,,,
https://github.com/mlzt2000/ip.git,master,,tutorials/**,,,,,
https://github.com/Donovan9617/ip.git,master,,tutorials/**,,,,,
https://github.com/tanhl2000/ip.git,master,,tutorials/**,,,,,
https://github.com/teekaytai/ip.git,master,,tutorials/**,,,,,
https://github.com/zacchaeuschok/ip.git,master,,tutorials/**,,,,,
https://github.com/HakkaNgin/ip.git,master,,tutorials/**,,,,,
https://github.com/shenyih0ng/ip.git,master,,tutorials/**,,,,,
https://github.com/zupey/ip.git,master,,tutorials/**,,,,,
https://github.com/misterpuffin/ip.git,master,,tutorials/**,,,,,
https://github.com/ConradLew/ip.git,master,,tutorials/**,,,,,
https://github.com/yuehernkang/ip.git,master,,tutorials/**,,,,,
https://github.com/GenFusion122/ip.git,master,,tutorials/**,,,,,
https://github.com/darrentde/ip.git,master,,tutorials/**,,,,,
https://github.com/parth-io/ip.git,master,,tutorials/**,,,,,
https://github.com/crvstalphua/ip.git,master,,tutorials/**,,,,,
https://github.com/tinenhao/ip.git,master,,tutorials/**,,,,,
https://github.com/sarrrdin/ip.git,master,,tutorials/**,,,,,
https://github.com/jolynloh/ip.git,master,,tutorials/**,,,,,
https://github.com/deeyonn/ip.git,master,,tutorials/**,,,,,
https://github.com/Hikoya/ip.git,master,,tutorials/**,,,,,
https://github.com/MinHeinA/ip.git,master,,tutorials/**,,,,,
https://github.com/jamietan2002/ip.git,master,,tutorials/**,,,,,
https://github.com/sprintaway/ip.git,master,,tutorials/**,,,,,
https://github.com/johnbenedictyan/ip.git,master,,tutorials/**,,,,,
https://github.com/Aishwarya-Hariharan-Iyer/ip.git,master,,tutorials/**,,,,,
https://github.com/Benjamin-Sim/ip.git,master,,tutorials/**,,,,,
https://github.com/connlim/ip.git,master,,tutorials/**,,,,,
https://github.com/marcuspang/ip.git,master,,tutorials/**,,,,,
https://github.com/lpohsien/ip.git,master,,tutorials/**,,,,,
https://github.com/arnav-ag/ip.git,master,,tutorials/**,,,,,
https://github.com/rycs2812/ip.git,master,,tutorials/**,,,,,
https://github.com/ish1506/ip.git,master,,tutorials/**,,,,,
https://github.com/XenonShawn/ip.git,master,,tutorials/**,,,,,
https://github.com/nseah21/ip.git,master,,tutorials/**,,,,,
https://github.com/ElijahS67/ip.git,master,,tutorials/**,,,,,
https://github.com/jorrdansoh/ip.git,master,,tutorials/**,,,,,
https://github.com/shawnkai/ip.git,master,,tutorials/**,,,,,
https://github.com/teoyuqi/ip.git,master,,tutorials/**,,,,,
https://github.com/josephaedan/ip.git,master,,tutorials/**,,,,,
https://github.com/darrtzj/ip.git,master,,tutorials/**,,,,,
https://github.com/Prearo/ip.git,master,,tutorials/**,,,,,
https://github.com/alexandermula/ip.git,master,,tutorials/**,,,,,
https://github.com/shwene/ip.git,master,,tutorials/**,,,,,
https://github.com/PeiYee88/ip.git,master,,tutorials/**,,,,,
https://github.com/dreammac3816547290/ip.git,master,,tutorials/**,,,,,
https://github.com/RezwanArefin01/ip.git,master,,tutorials/**,,,,,
https://github.com/hoang227/ip.git,master,,tutorials/**,,,,,
https://github.com/tantzeyeong/ip.git,master,,tutorials/**,,,,,
https://github.com/ssyap98/ip.git,master,,tutorials/**,,,,,
https://github.com/Shawn532/ip.git,master,,tutorials/**,,,,,
https://github.com/bokun2/ip.git,master,,tutorials/**,,,,,
https://github.com/Lan-Jingbo/ip.git,master,,tutorials/**,,,,,
https://github.com/myangat0343/ip.git,master,,tutorials/**,,,,,
https://github.com/garfield-oo7/ip.git,master,,tutorials/**,,,,,
https://github.com/ReubenChay/ip.git,master,,tutorials/**,,,,,
https://github.com/DarrenCsAcc/ip.git,master,,tutorials/**,,,,,
https://github.com/jicsontoh/ip.git,master,,tutorials/**,,,,,
https://github.com/hauchongtang/ip.git,master,,tutorials/**,,,,,
https://github.com/marcusczh/ip.git,master,,tutorials/**,,,,,
https://github.com/Gavzzz/ip.git,master,,tutorials/**,,,,,
https://github.com/Kang-Quan/ip.git,master,,tutorials/**,,,,,
https://github.com/vvidday/ip.git,master,,tutorials/**,,,,,
https://github.com/jeromepui/ip.git,master,,tutorials/**,,,,,
https://github.com/JustinS00/ip.git,master,,tutorials/**,,,,,
https://github.com/guowei42/ip.git,master,,tutorials/**,,,,,
https://github.com/TanPingZhi/ip.git,master,,tutorials/**,,,,,
https://github.com/AshiqurRah/ip.git,master,,tutorials/**,,,,,
https://github.com/rui-han-crh/ip.git,master,,tutorials/**,,,,,
https://github.com/Darren12345677/ip.git,master,,tutorials/**,,,,,
https://github.com/Samsation/ip.git,master,,tutorials/**,,,,,
https://github.com/ryanguai/ip.git,master,,tutorials/**,,,,,
https://github.com/Ferusel/ip.git,master,,tutorials/**,,,,,
https://github.com/chngchngchng/ip.git,master,,tutorials/**,,,,,
https://github.com/Tan-Jin-Waye/ip.git,master,,tutorials/**,,,,,
https://github.com/sheshenk/ip.git,master,,tutorials/**,,,,,
https://github.com/ketamethane/ip.git,master,,tutorials/**,,,,,
https://github.com/autumn-sonata/ip.git,master,,tutorials/**,,,,,
https://github.com/cowlinn/ip.git,master,,tutorials/**,,,,,
https://github.com/jehousoh/ip.git,master,,tutorials/**,,,,,
https://github.com/dr-arrgghh/ip.git,master,,tutorials/**,,,,,
https://github.com/Bacon-Strips/ip.git,master,,tutorials/**,,,,,
https://github.com/Evande1/ip.git,master,,tutorials/**,,,,,
https://github.com/cadencjk/ip.git,master,,tutorials/**,,,,,
https://github.com/emptygx/ip.git,master,,tutorials/**,,,,,
https://github.com/linuschui/ip.git,master,,tutorials/**,,,,,
https://github.com/charleslimjh/ip.git,master,,tutorials/**,,,,,
https://github.com/JonLamy/ip.git,master,,tutorials/**,,,,,
https://github.com/leirdas/ip.git,master,,tutorials/**,,,,,
https://github.com/kavantan/ip.git,master,,tutorials/**,,,,,
https://github.com/ama-chi/ip.git,master,,tutorials/**,,,,,
https://github.com/tienyu2000/ip.git,master,,tutorials/**,,,,,
https://github.com/zsiggg/ip.git,master,,tutorials/**,,,,,
https://github.com/glemenneo/ip.git,master,,tutorials/**,,,,,
https://github.com/dexter-sim/ip.git,master,,tutorials/**,,,,,
https://github.com/guanzhou03/ip.git,master,,tutorials/**,,,,,
https://github.com/KJunWei/ip.git,master,,tutorials/**,,,,,
https://github.com/nqt230/ip.git,master,,tutorials/**,,,,,
https://github.com/Ramanathan0908/ip.git,master,,tutorials/**,,,,,
https://github.com/yeojunjie/ip.git,master,,tutorials/**,,,,,
https://github.com/yellow-294/ip.git,master,,tutorials/**,,,,,
https://github.com/ZhengLong3/ip.git,master,,tutorials/**,,,,,
https://github.com/Eclipse-Dominator/ip.git,master,,tutorials/**,,,,,
https://github.com/jontmy/ip.git,master,,tutorials/**,,,,,
https://github.com/aarontangr/ip.git,master,,tutorials/**,,,,,
https://github.com/Jnwkm/ip.git,master,,tutorials/**,,,,,
https://github.com/danzzzerl/ip.git,master,,tutorials/**,,,,,
https://github.com/jsincorporated/ip.git,master,,tutorials/**,,,,,
https://github.com/leeianee/ip.git,master,,tutorials/**,,,,,
https://github.com/nehcuy/ip.git,master,,tutorials/**,,,,,
https://github.com/xav168/ip.git,master,,tutorials/**,,,,,
https://github.com/Ryan-Tan00/ip.git,master,,tutorials/**,,,,,
https://github.com/Kennethsim2000/ip.git,master,,tutorials/**,,,,,
https://github.com/Jonaspng/ip.git,master,,tutorials/**,,,,,
https://github.com/jwdavis0200/ip.git,master,,tutorials/**,,,,,
https://github.com/alvintfl/ip.git,master,,tutorials/**,,,,,
https://github.com/seetohjinwei/ip.git,master,,tutorials/**,,,,,
https://github.com/weesiau/ip.git,master,,tutorials/**,,,,,
https://github.com/ChongCheeKaiClarence/ip.git,master,,tutorials/**,,,,,
https://github.com/yixiann/ip.git,master,,tutorials/**,,,,,
https://github.com/ongwenpin/ip.git,master,,tutorials/**,,,,,
https://github.com/Eugene-Ong-W-X/ip.git,master,,tutorials/**,,,,,
https://github.com/loyhongshenggg/ip.git,master,,tutorials/**,,,,,
https://github.com/highorbit25/ip.git,master,,tutorials/**,,,,,
https://github.com/dlimyy/ip.git,master,,tutorials/**,,,,,
https://github.com/Eugenetanwl3881/ip.git,master,,tutorials/**,,,,,
https://github.com/e1010101/ip.git,master,,tutorials/**,,,,,
https://github.com/chengda300/ip.git,master,,tutorials/**,,,,,
https://github.com/jq1836/ip.git,master,,tutorials/**,,,,,
https://github.com/ciaoosuuu/ip.git,master,,tutorials/**,,,,,
https://github.com/SilasTSL/ip.git,master,,tutorials/**,,,,,
https://github.com/turretDive/ip.git,master,,tutorials/**,,,,,
https://github.com/zylee348/ip.git,master,,tutorials/**,,,,,
https://github.com/KSHan29/ip.git,master,,tutorials/**,,,,,
https://github.com/donljh/ip.git,master,,tutorials/**,,,,,
https://github.com/Pinran-J/ip.git,master,,tutorials/**,,,,,
https://github.com/ShawnChew/ip.git,master,,tutorials/**,,,,,
https://github.com/PangKuangWei/ip.git,master,,tutorials/**,,,,,
https://github.com/sohenze/ip.git,master,,tutorials/**,,,,,
https://github.com/SpecOps2016/ip.git,master,,tutorials/**,,,,,
https://github.com/onepersonhere/ip.git,master,,tutorials/**,,,,,
https://github.com/Isaaclhy00/ip.git,master,,tutorials/**,,,,,
https://github.com/samuelcheongws/ip.git,master,,tutorials/**,,,,,
https://github.com/ElginL/ip.git,master,,tutorials/**,,,,,
https://github.com/TanWenCong/ip.git,master,,tutorials/**,,,,,
https://github.com/czhongwei/ip.git,master,,tutorials/**,,,,,
https://github.com/bryanljx/ip.git,master,,tutorials/**,,,,,
https://github.com/Aloynz/ip.git,master,,tutorials/**,,,,,
https://github.com/paotheroo/ip.git,master,,tutorials/**,,,,,
https://github.com/jeromehjj/ip.git,master,,tutorials/**,,,,,
https://github.com/kangqiao322/ip.git,master,,tutorials/**,,,,,
https://github.com/ryanczx/ip.git,master,,tutorials/**,,,,,
https://github.com/ruihan00/ip.git,master,,tutorials/**,,,,,
https://github.com/marclzh/ip.git,master,,tutorials/**,,,,,
https://github.com/shauneang/ip.git,master,,tutorials/**,,,,,
https://github.com/rgonslayer/ip.git,master,,tutorials/**,,,,,
https://github.com/nopehax/ip.git,master,,tutorials/**,,,,,
https://github.com/yeoyujie/ip.git,master,,tutorials/**,,,,,
https://github.com/ReaganTan00/ip.git,master,,tutorials/**,,,,,
https://github.com/LJXSean/ip.git,master,,tutorials/**,,,,,
https://github.com/chm252/ip.git,master,,tutorials/**,,,,,
https://github.com/neosunhan/ip.git,master,,tutorials/**,,,,,
https://github.com/24Donovan24/ip.git,master,,tutorials/**,,,,,
https://github.com/Tan-Jia-Rong/ip.git,master,,tutorials/**,,,,,
https://github.com/gunbux/ip.git,master,,tutorials/**,,,,,
https://github.com/Kok-je/ip.git,master,,tutorials/**,,,,,
https://github.com/DanielLimWeiEn/ip.git,master,,tutorials/**,,,,,
https://github.com/leongdl135/ip.git,master,,tutorials/**,,,,,
https://github.com/nealetham/ip.git,master,,tutorials/**,,,,,
https://github.com/Neethesh26/ip.git,master,,tutorials/**,,,,,
https://github.com/bensohh/ip.git,master,,tutorials/**,,,,,
https://github.com/ee-suan/ip.git,master,,tutorials/**,,,,,
https://github.com/gabyang/ip.git,master,,tutorials/**,,,,,
https://github.com/Puakii/ip.git,master,,tutorials/**,,,,,
https://github.com/alvinjiang1/ip.git,master,,tutorials/**,,,,,
https://github.com/Bubbl3T/ip.git,master,,tutorials/**,,,,,
https://github.com/maxng17/ip.git,master,,tutorials/**,,,,,
https://github.com/ThomasHoooo/ip.git,master,,tutorials/**,,,,,
https://github.com/nerbnerb/ip.git,master,,tutorials/**,,,,,
https://github.com/drkkjh/ip.git,master,,tutorials/**,,,,,
https://github.com/laxus2308/ip.git,master,,tutorials/**,,,,,
https://github.com/ShummyOwnzYou/ip.git,master,,tutorials/**,,,,,
https://github.com/notle1706/ip.git,master,,tutorials/**,,,,,
https://github.com/cxyterence/ip.git,master,,tutorials/**,,,,,
https://github.com/sikai00/ip.git,master,,tutorials/**,,,,,
https://github.com/tsammeow/ip.git,master,,tutorials/**,,,,,
https://github.com/bryanngzh/ip.git,master,,tutorials/**,,,,,
https://github.com/desmondyst/ip.git,master,,tutorials/**,,,,,
https://github.com/ErvinK123/ip.git,master,,tutorials/**,,,,,
https://github.com/MuhdMusab/ip.git,master,,tutorials/**,,,,,
https://github.com/JustinPeng13/ip.git,master,,tutorials/**,,,,,
https://github.com/Jo3LW/ip.git,master,,tutorials/**,,,,,
https://github.com/rexong/ip.git,master,,tutorials/**,,,,,
https://github.com/jia-han/ip.git,master,,tutorials/**,,,,,
https://github.com/kevinchangjk/ip.git,master,,tutorials/**,,,,,
https://github.com/zlimez/ip.git,master,,tutorials/**,,,,,
https://github.com/joosxi/ip.git,master,,tutorials/**,,,,,
https://github.com/adeearyaa/ip.git,master,,tutorials/**,,,,,
https://github.com/shogun187/ip.git,master,,tutorials/**,,,,,
https://github.com/marcuslowhuiyu/ip.git,master,,tutorials/**,,,,,
https://github.com/CeereeC/ip.git,master,,tutorials/**,,,,,
https://github.com/pwjj2000/ip.git,master,,tutorials/**,,,,,
https://github.com/waynezsy/ip.git,master,,tutorials/**,,,,,
https://github.com/Effixion/ip.git,master,,tutorials/**,,,,,
https://github.com/Yingming23/ip.git,master,,tutorials/**,,,,,
https://github.com/L1uY1jun/ip.git,master,,tutorials/**,,,,,
https://github.com/Bahamas20/ip.git,master,,tutorials/**,,,,,
https://github.com/Cjun1039/ip.git,master,,tutorials/**,,,,,
https://github.com/jjtan444/ip.git,master,,tutorials/**,,,,,
https://github.com/wongyewjon/ip.git,master,,tutorials/**,,,,,
https://github.com/shamooose/ip.git,master,,tutorials/**,,,,,
https://github.com/seox123/ip.git,master,,tutorials/**,,,,,
https://github.com/jonasgwt/ip.git,master,,tutorials/**,,,,,
https://github.com/totsukatomofumi/ip.git,master,,tutorials/**,,,,,
https://github.com/anthonyhoth/ip.git,master,,tutorials/**,,,,,
https://github.com/seanflyyy/ip.git,master,,tutorials/**,,,,,
https://github.com/JJoeYi/ip.git,master,,tutorials/**,,,,,
https://github.com/fungusta/ip.git,master,,tutorials/**,,,,,
https://github.com/ngxingyu/ip.git,master,,tutorials/**,,,,,
https://github.com/jetlfj/ip.git,master,,tutorials/**,,,,,
https://github.com/chao890/ip.git,master,,tutorials/**,,,,,
https://github.com/linuschancs/ip.git,master,,tutorials/**,,,,,
https://github.com/Chustinjeng/ip.git,master,,tutorials/**,,,,,
https://github.com/changjy44/ip.git,master,,tutorials/**,,,,,
https://github.com/bryanhce/ip.git,master,,tutorials/**,,,,,
https://github.com/lyuting47/ip.git,master,,tutorials/**,,,,,
https://github.com/riccqi/ip.git,master,,tutorials/**,,,,,
https://github.com/WWEQG/ip.git,master,,tutorials/**,,,,,
https://github.com/Ugholaf/ip.git,master,,tutorials/**,,,,,
https://github.com/jialatteo/ip.git,master,,tutorials/**,,,,,
https://github.com/Sampy147/ip.git,master,,tutorials/**,,,,,
https://github.com/bananamonkey4655/ip.git,master,,tutorials/**,,,,,
https://github.com/edricyeo/ip.git,master,,tutorials/**,,,,,
https://github.com/paullee18/ip.git,master,,tutorials/**,,,,,
https://github.com/danielk0k/ip.git,master,,tutorials/**,,,,,
https://github.com/JovonLim/ip.git,master,,tutorials/**,,,,,
https://github.com/thamruicong/ip.git,master,,tutorials/**,,,,,
https://github.com/wrewsama/ip.git,master,,tutorials/**,,,,,
https://github.com/NicholasTYD/ip.git,master,,tutorials/**,,,,,
https://github.com/heyzec/ip.git,master,,tutorials/**,,,,,
https://github.com/ekweirui/ip.git,master,,tutorials/**,,,,,
https://github.com/zzthian/ip.git,master,,tutorials/**,,,,,
https://github.com/seanmanik/ip.git,master,,tutorials/**,,,,,
https://github.com/HoJunHao2000/ip.git,master,,tutorials/**,,,,,
https://github.com/JasonYapzx/ip.git,master,,tutorials/**,,,,,
https://github.com/zbz-lvlv/ip.git,master,,tutorials/**,,,,,
https://github.com/CFSY/ip.git,master,,tutorials/**,,,,,
https://github.com/HowSuen/ip.git,master,,tutorials/**,,,,,
https://github.com/EiffelLKF/ip.git,master,,tutorials/**,,,,,
https://github.com/GarethOng/ip.git,master,,tutorials/**,,,,,
https://github.com/weiquany/ip.git,master,,tutorials/**,,,,,
https://github.com/limweijun/ip.git,master,,tutorials/**,,,,,
https://github.com/malwaregarry/ip.git,master,,tutorials/**,,,,,
https://github.com/Polygonalr/ip.git,master,,tutorials/**,,,,,
https://github.com/nareus/ip.git,master,,tutorials/**,,,,,
https://github.com/jasonqiu212/ip.git,master,,tutorials/**,,,,,
https://github.com/santosh3007/ip.git,master,,tutorials/**,,,,,
https://github.com/Nephelite/ip.git,master,,tutorials/**,,,,,
https://github.com/Vshnv2001/ip.git,master,,tutorials/**,,,,,
https://github.com/mohamedsaf1/ip.git,master,,tutorials/**,,,,,
https://github.com/snigloo/ip.git,master,,tutorials/**,,,,,
https://github.com/BlopApple/ip.git,master,,tutorials/**,,,,,
https://github.com/ShenyiCui/ip.git,master,,tutorials/**,,,,,
https://github.com/KIANSEONG/ip.git,master,,tutorials/**,,,,,
https://github.com/ALWHgithub/ip.git,master,,tutorials/**,,,,,
https://github.com/YZTangent/ip.git,master,,tutorials/**,,,,,
https://github.com/amresh2000/ip.git,master,,tutorials/**,,,,,
https://github.com/kxrt/ip.git,master,,tutorials/**,,,,,
https://github.com/tyw2811/ip.git,master,,tutorials/**,,,,,
https://github.com/Charles1026/ip.git,master,,tutorials/**,,,,,
https://github.com/vantemoon/ip.git,master,,tutorials/**,,,,,
https://github.com/Berted/ip.git,master,,tutorials/**,,,,,
https://github.com/rama-pang/ip.git,master,,tutorials/**,,,,,
https://github.com/sugiyem/ip.git,master,,tutorials/**,,,,,
https://github.com/LianGuoYang/ip.git,master,,tutorials/**,,,,,
https://github.com/lilythchu/ip.git,master,,tutorials/**,,,,,
https://github.com/hanwenlai/ip.git,master,,tutorials/**,,,,,
https://github.com/craeyeons/ip.git,master,,tutorials/**,,,,,
https://github.com/Hongyi6328/ip.git,master,,tutorials/**,,,,,
https://github.com/Tex-Tang/ip.git,master,,tutorials/**,,,,,
https://github.com/AugustDespair/ip.git,master,,tutorials/**,,,,,
https://github.com/nvmdava/ip.git,master,,tutorials/**,,,,,
https://github.com/peppapighs/ip.git,master,,tutorials/**,,,,,
https://github.com/Yuvaraj0702/ip.git,master,,tutorials/**,,,,,
https://github.com/quannam0124/ip.git,master,,tutorials/**,,,,,
https://github.com/yusiangeng/ip.git,master,,tutorials/**,,,,,
https://github.com/jacobkwan/ip.git,master,,tutorials/**,,,,,
https://github.com/elizabethhky/ip.git,master,,tutorials/**,,,,,
https://github.com/boredcoco/ip.git,master,,tutorials/**,,,,,
https://github.com/chantellyu/ip.git,master,,tutorials/**,,,,,
https://github.com/leecaregene/ip.git,master,,tutorials/**,,,,,
https://github.com/pewggls/ip.git,master,,tutorials/**,,,,,
https://github.com/cheeheng/ip.git,master,,tutorials/**,,,,,
https://github.com/optionalemon/ip.git,master,,tutorials/**,,,,,
https://github.com/songivan00/ip.git,master,,tutorials/**,,,,,
https://github.com/Whysochong/ip.git,master,,tutorials/**,,,,,
https://github.com/yuxuanleong/ip.git,master,,tutorials/**,,,,,
https://github.com/therealdaofu/ip.git,master,,tutorials/**,,,,,
https://github.com/normkoh/ip.git,master,,tutorials/**,,,,,
https://github.com/gnahzeus/ip.git,master,,tutorials/**,,,,,
https://github.com/albertarielw/ip.git,master,,tutorials/**,,,,,
https://github.com/nickeltea/ip.git,master,,tutorials/**,,,,,
https://github.com/RachelChua/ip.git,master,,tutorials/**,,,,,
https://github.com/xiaoying1129/ip.git,master,,tutorials/**,,,,,
https://github.com/janelleljt/ip.git,master,,tutorials/**,,,,,
https://github.com/Echomo-Xinyu/ip.git,master,,tutorials/**,,,,,
https://github.com/ChryslineLim/ip.git,master,,tutorials/**,,,,,
https://github.com/sjoann/ip.git,master,,tutorials/**,,,,,
https://github.com/CedricChia123/ip.git,master,,tutorials/**,,,,,
https://github.com/farisanadia/ip.git,master,,tutorials/**,,,,,
https://github.com/TheSoggy/ip.git,master,,tutorials/**,,,,,
https://github.com/Francis-Tan/ip.git,master,,tutorials/**,,,,,
https://github.com/ling-ui/ip.git,master,,tutorials/**,,,,,
https://github.com/izzahaj/ip.git,master,,tutorials/**,,,,,
https://github.com/LiuFangrui/ip.git,master,,tutorials/**,,,,,
https://github.com/fannyjian/ip.git,master,,tutorials/**,,,,,
https://github.com/Dilysss/ip.git,master,,tutorials/**,,,,,
https://github.com/maxtance/ip.git,master,,tutorials/**,,,,,
https://github.com/doimoiboi/ip.git,master,,tutorials/**,,,,,
https://github.com/ruiqi7/ip.git,master,,tutorials/**,,,,,
https://github.com/qiaoen17/ip.git,master,,tutorials/**,,,,,
https://github.com/ichigh0st/ip.git,master,,tutorials/**,,,,,
https://github.com/benjytan45678/ip.git,master,,tutorials/**,,,,,
https://github.com/carriezhengjr/ip.git,master,,tutorials/**,,,,,
https://github.com/phualiting/ip.git,master,,tutorials/**,,,,,
https://github.com/nicolelim02/ip.git,master,,tutorials/**,,,,,
https://github.com/chloeelim/ip.git,master,,tutorials/**,,,,,
https://github.com/debwy/ip.git,master,,tutorials/**,,,,,
https://github.com/rachaelsng/ip.git,master,,tutorials/**,,,,,
https://github.com/angkl0/ip.git,master,,tutorials/**,,,,,
https://github.com/LimAiLin/ip.git,master,,tutorials/**,,,,,
https://github.com/junwei-tan/ip.git,master,,tutorials/**,,,,,
https://github.com/o-ohst/ip.git,master,,tutorials/**,,,,,
https://github.com/domoberzin/ip.git,master,,tutorials/**,,,,,
https://github.com/Hoodineee/ip.git,master,,tutorials/**,,,,,
https://github.com/cfyjoanna/ip.git,master,,tutorials/**,,,,,
https://github.com/kangzongxian/ip.git,master,,tutorials/**,,,,,
https://github.com/Marcusgwj/ip.git,master,,tutorials/**,,,,,
https://github.com/ningtan11/ip.git,master,,tutorials/**,,,,,
https://github.com/junweimoo/ip.git,master,,tutorials/**,,,,,
https://github.com/TJun-Jie/ip.git,master,,tutorials/**,,,,,
https://github.com/stevenlimhw/ip.git,master,,tutorials/**,,,,,
https://github.com/comicalromance/ip.git,master,,tutorials/**,,,,,
https://github.com/Piyotato/ip.git,master,,tutorials/**,,,,,
https://github.com/mjgui/ip.git,master,,tutorials/**,,,,,
https://github.com/zicotjia/ip.git,master,,tutorials/**,,,,,
https://github.com/ytingtan/ip.git,master,,tutorials/**,,,,,
https://github.com/Ssatu/ip.git,master,,tutorials/**,,,,,
https://github.com/Jiacheng-y/ip.git,master,,tutorials/**,,,,,
https://github.com/rjkoh/ip.git,master,,tutorials/**,,,,,
https://github.com/reneeyeow02/ip.git,master,,tutorials/**,,,,,
https://github.com/Rachel-AG/ip.git,master,,tutorials/**,,,,,
https://github.com/yuanxi1/ip.git,master,,tutorials/**,,,,,
https://github.com/xiaobill8/ip.git,master,,tutorials/**,,,,,
https://github.com/JonathanWiguna/ip.git,master,,tutorials/**,,,,,
https://github.com/eugenetayyj/ip.git,master,,tutorials/**,,,,,
https://github.com/LuYiting0913/ip.git,master,,tutorials/**,,,,,
https://github.com/seelengxd/ip.git,master,,tutorials/**,,,,,
https://github.com/jgyj123/ip.git,master,,tutorials/**,,,,,
https://github.com/prit3010/ip.git,master,,tutorials/**,,,,,
https://github.com/tlx02/ip.git,master,,tutorials/**,,,,,
https://github.com/njxue/ip.git,master,,tutorials/**,,,,,
https://github.com/Wu-Lezheng/ip.git,master,,tutorials/**,,,,,
https://github.com/kaij77/ip.git,master,,tutorials/**,,,,,
https://github.com/fongyj/ip.git,master,,tutorials/**,,,,,
https://github.com/AkkFiros/ip.git,master,,tutorials/**,,,,,
https://github.com/feliciagan/ip.git,master,,tutorials/**,,,,,
https://github.com/sharmaine1028/ip.git,master,,tutorials/**,,,,,
https://github.com/WR3nd3/ip.git,master,,tutorials/**,,,,,
https://github.com/tin-jy/ip.git,master,,tutorials/**,,,,,
https://github.com/guokweijie/ip.git,master,,tutorials/**,,,,,
https://github.com/yilinzyl/ip.git,master,,tutorials/**,,,,,
https://github.com/yiyefyy/ip.git,master,,tutorials/**,,,,,
https://github.com/lleyi0606/ip.git,master,,tutorials/**,,,,,
https://github.com/gowribhat/ip.git,master,,tutorials/**,,,,,
https://github.com/RichDom2185/ip.git,master,,tutorials/**,,,,,
https://github.com/leehuiyulaura/ip.git,master,,tutorials/**,,,,,
https://github.com/EmilyOng/ip.git,master,,tutorials/**,,,,,
https://github.com/minjiunn/ip.git,master,,tutorials/**,,,,,
https://github.com/sherylkong18/ip.git,master,,tutorials/**,,,,,
https://github.com/tanxuanyun/ip.git,master,,tutorials/**,,,,,
https://github.com/shaniceng/ip.git,master,,tutorials/**,,,,,
https://github.com/phyliciachristel/ip.git,master,,tutorials/**,,,,,
https://github.com/jovitaanderson/ip.git,master,,tutorials/**,,,,,
https://github.com/wxy1203/ip.git,master,,tutorials/**,,,,,
https://github.com/WingKei67/ip.git,master,,tutorials/**,,,,,
https://github.com/lizekai-richard/ip.git,master,,tutorials/**,,,,,
https://github.com/isanidiot/ip.git,master,,tutorials/**,,,,,
https://github.com/TZL0/ip.git,master,,tutorials/**,,,,,
https://github.com/april-anh/ip.git,master,,tutorials/**,,,,,
https://github.com/melissaharijanto/ip.git,master,,tutorials/**,,,,,
https://github.com/florentianayuwono/ip.git,master,,tutorials/**,,,,,
https://github.com/liviamil/ip.git,master,,tutorials/**,,,,,
https://github.com/gerardstevan/ip.git,master,,tutorials/**,,,,,
https://github.com/jasonchristopher21/ip.git,master,,tutorials/**,,,,,
https://github.com/ngquyduc/ip.git,master,,tutorials/**,,,,,
https://github.com/nitant-p/ip.git,master,,tutorials/**,,,,,
https://github.com/asaierika/ip.git,master,,tutorials/**,,,,,
https://github.com/yunruu/ip.git,master,,tutorials/**,,,,,
https://github.com/sltsheryl/ip.git,master,,tutorials/**,,,,,
https://github.com/beetee17/ip.git,master,,tutorials/**,,,,,
https://github.com/Thing1Thing2/ip.git,master,,tutorials/**,,,,,
https://github.com/johnrhimawan/ip.git,master,,tutorials/**,,,,,
https://github.com/wadia82/ip.git,master,,tutorials/**,,,,,
https://github.com/sh4nH/ip.git,master,,tutorials/**,,,,,
https://github.com/agarwal-anjali/ip.git,master,,tutorials/**,,,,,
https://github.com/pratham31012002/ip.git,master,,tutorials/**,,,,,
https://github.com/jchilling/ip.git,master,,tutorials/**,,,,,
https://github.com/bigcrushes/ip.git,master,,tutorials/**,,,,,
https://github.com/albertZhangTJ/ip.git,master,,tutorials/**,,,,,
https://github.com/DevanshShah1309/ip.git,master,,tutorials/**,,,,,
https://github.com/parnikkapore/ip.git,master,,tutorials/**,,,,,
https://github.com/rylzxc/ip.git,master,,tutorials/**,,,,,
https://github.com/ngshijun/ip.git,master,,tutorials/**,,,,,
https://github.com/kelvinou01/ip.git,master,,tutorials/**,,,,,
https://github.com/Fuzanwenn/ip.git,master,,tutorials/**,,,,,
https://github.com/t1mzzz/ip.git,master,,tutorials/**,,,,,
https://github.com/lesterong/ip.git,master,,tutorials/**,,,,,
https://github.com/NicholasPatrick/ip.git,master,,tutorials/**,,,,,
https://github.com/midnightfeverrr/ip.git,master,,tutorials/**,,,,,
https://github.com/anuanas2007/ip.git,master,,tutorials/**,,,,,
https://github.com/Elben85/ip.git,master,,tutorials/**,,,,,
https://github.com/senwei01/ip.git,master,,tutorials/**,,,,,
https://github.com/WuHaohui1231/ip.git,master,,tutorials/**,,,,,
https://github.com/avock/ip.git,master,,tutorials/**,,,,,
https://github.com/tensaida/ip.git,master,,tutorials/**,,,,,
https://github.com/richavm14/ip.git,master,,tutorials/**,,,,,
